#Job,#Precedenze,Lista mu,Risultato PLI,Bound PLI,Gap PLI,Risultato BB,Gap BB,Tempo PLI,Tempo BB
20,10,"[0.5, 0.5, 0.5, 0.5, 0.5, 0.5, 0.5, 0.5, 0.5, 0.5]",11847.0,5276.0,0.5546551869671646,1e+100,9.88875154511743e+95,600.0525646209717,600.0032241344452
20,10,"[0.5, 0.5, 0.5, 0.5, 0.5, 0.5, 0.5, 0.5, 0.5, 0.5]",6806.0,4042.0,0.40611225389362327,6812,0.21740684478598873,600.0344519615173,600.0023138523102
20,10,"[0.5, 0.5, 0.5, 0.5, 0.5, 0.5, 0.5, 0.5, 0.5, 0.5]",8157.0,4278.0,0.4755424788525193,8348,0.18009612666101216,600.0503580570221,600.0007174015045
20,10,"[0.5, 0.5, 0.5, 0.5, 0.5, 0.5, 0.5, 0.5, 0.5, 0.5]",8744.0,4712.0,0.46111619396157366,9218,0.189342623056577,600.046626329422,600.0003118515015
20,10,"[0.5, 0.5, 0.5, 0.5, 0.5, 0.5, 0.5, 0.5, 0.5, 0.5]",9254.0,5113.0,0.44748216987248757,9384,0.0938337801608579,600.0291774272919,600.0003123283386
