#Job,#Precedenze,Lista mu,Risultato PLI,Bound PLI,Gap PLI,Risultato BB,Gap BB,Tempo PLI,Tempo BB
20,5,"[0.5, 0.5, 0.5, 0.5, 0.5]",9990.0,8205.0,0.17867867867867868,10097,0.1649936540902273,600.0927193164825,600.0014519691467
20,5,"[0.5, 0.5, 0.5, 0.5, 0.5]",9410.0,8210.0,0.1275239107332625,9624,0.17473298748855662,600.064370393753,600.0003118515015
20,5,"[0.5, 0.5, 0.5, 0.5, 0.5]",10335.0,8210.0,0.20561199806482824,10449,0.12246213341927167,600.0380136966705,600.000979423523
20,5,"[0.5, 0.5, 0.5, 0.5, 0.5]",10284.0,9020.000000000478,0.12290937378447313,10539,0.1611303916707982,600.1463153362274,600.0016725063324
20,5,"[0.5, 0.5, 0.5, 0.5, 0.5]",9985.0,8815.000000000098,0.11717576364545837,10306,0.15382892969099865,600.0250568389893,600.0003118515015
