#Job,#Precedenze,Lista mu,Risultato PLI,Bound PLI,Gap PLI,Risultato BB,Gap BB,Tempo PLI,Tempo BB
20,10,"[0.5, 0.5, 0.5, 0.5, 0.5, 0.5, 0.5, 0.5, 0.5, 0.5]",9744.0,8160.0000000130885,0.16256157635333657,10044,0.30874975568440943,600.0353441238403,600.0003132820129
20,10,"[0.5, 0.5, 0.5, 0.5, 0.5, 0.5, 0.5, 0.5, 0.5, 0.5]",9919.0,8240.000000000164,0.16927109587658395,10133,0.2949520766773163,600.0477678775787,600.0002796649933
20,10,"[0.5, 0.5, 0.5, 0.5, 0.5, 0.5, 0.5, 0.5, 0.5, 0.5]",9450.0,8120.000000002184,0.14074074074050966,9607,0.16300466073482234,600.0293390750885,600.0003995895386
20,10,"[0.5, 0.5, 0.5, 0.5, 0.5, 0.5, 0.5, 0.5, 0.5, 0.5]",10412.0,8206.0,0.21187091817134077,10813,0.19467462158877472,600.0533604621887,600.0003125667572
20,10,"[0.5, 0.5, 0.5, 0.5, 0.5, 0.5, 0.5, 0.5, 0.5, 0.5]",10478.0,8800.000000000662,0.1601450658521987,10809,0.21928934010152284,600.1231100559235,600.0014684200287
