#Job,#Precedenze,Lista mu,Risultato PLI,Bound PLI,Gap PLI,Risultato BB,Gap BB,Tempo PLI,Tempo BB
20,5,"[0.5, 0.5, 0.5, 0.5, 0.5]",7181.0,3395.0,0.5272246205263891,7266,0.1783021162734128,600.042350769043,600.0064206123352
20,5,"[0.5, 0.5, 0.5, 0.5, 0.5]",5185.0,2715.0,0.476374156219865,5192,0.1636037651277454,600.0393481254578,600.0009717941284
20,5,"[0.5, 0.5, 0.5, 0.5, 0.5]",8055.0,3139.0,0.6103041589075109,8123,0.1686928997913819,600.0323419570923,600.0003123283386
20,5,"[0.5, 0.5, 0.5, 0.5, 0.5]",8164.0,3742.0,0.5416462518373346,8349,0.06744230646295468,600.0326671600342,600.0023140907288
20,5,"[0.5, 0.5, 0.5, 0.5, 0.5]",6759.0,3230.0,0.5221186566060068,6861,0.09714559846485968,600.0253336429596,600.002646446228
